millis,stamp,datetime,motion
999,1533214100, 2018/8/2 12:48:20, Inactive
1999,1533214101, 2018/8/2 12:48:21, Inactive
2999,1533214102, 2018/8/2 12:48:22, Inactive
3999,1533214103, 2018/8/2 12:48:23, Inactive
4999,1533214104, 2018/8/2 12:48:24, Inactive
5999,1533214105, 2018/8/2 12:48:25, Inactive
6999,1533214106, 2018/8/2 12:48:26, Inactive
7999,1533214107, 2018/8/2 12:48:27, Inactive
8999,1533214108, 2018/8/2 12:48:28, Inactive
9999,1533214109, 2018/8/2 12:48:29, Inactive
10999,1533214110, 2018/8/2 12:48:30, Inactive
11999,1533214111, 2018/8/2 12:48:31, Inactive
12999,1533214112, 2018/8/2 12:48:32, Inactive
13999,1533214113, 2018/8/2 12:48:33, Inactive
14999,1533214114, 2018/8/2 12:48:34, Inactive
16000,1533214115, 2018/8/2 12:48:35, Inactive
16999,1533214116, 2018/8/2 12:48:36, Inactive
17998,1533214117, 2018/8/2 12:48:37, Inactive
18999,1533214118, 2018/8/2 12:48:38, Inactive
19999,1533214119, 2018/8/2 12:48:39, Inactive
20999,1533214120, 2018/8/2 12:48:40, Inactive
21999,1533214121, 2018/8/2 12:48:41, Inactive
23000,1533214122, 2018/8/2 12:48:42, Inactive
23999,1533214123, 2018/8/2 12:48:43, Inactive
24999,1533214124, 2018/8/2 12:48:44, Inactive
25999,1533214125, 2018/8/2 12:48:45, Active
26999,1533214126, 2018/8/2 12:48:46, Active
27999,1533214127, 2018/8/2 12:48:47, Active
28999,1533214128, 2018/8/2 12:48:48, Active
29999,1533214129, 2018/8/2 12:48:49, Active
30999,1533214130, 2018/8/2 12:48:50, Active
32000,1533214131, 2018/8/2 12:48:51, Active
32999,1533214132, 2018/8/2 12:48:52, Active
33999,1533214133, 2018/8/2 12:48:53, Active
34999,1533214134, 2018/8/2 12:48:54, Active
35999,1533214135, 2018/8/2 12:48:55, Active
36999,1533214136, 2018/8/2 12:48:56, Active
37999,1533214137, 2018/8/2 12:48:57, Inactive
38999,1533214138, 2018/8/2 12:48:58, Inactive
39999,1533214139, 2018/8/2 12:48:59, Inactive
40999,1533214140, 2018/8/2 12:49:0, Inactive
41999,1533214141, 2018/8/2 12:49:1, Inactive
42999,1533214142, 2018/8/2 12:49:2, Inactive
43999,1533214143, 2018/8/2 12:49:3, Inactive
44999,1533214144, 2018/8/2 12:49:4, Inactive
46000,1533214145, 2018/8/2 12:49:5, Inactive
46999,1533214146, 2018/8/2 12:49:6, Inactive
48000,1533214147, 2018/8/2 12:49:7, Inactive
48999,1533214148, 2018/8/2 12:49:8, Inactive
49999,1533214149, 2018/8/2 12:49:9, Inactive
50999,1533214150, 2018/8/2 12:49:10, Inactive
51999,1533214151, 2018/8/2 12:49:11, Inactive
52999,1533214152, 2018/8/2 12:49:12, Inactive
53999,1533214153, 2018/8/2 12:49:13, Inactive
54999,1533214154, 2018/8/2 12:49:14, Inactive
55998,1533214155, 2018/8/2 12:49:15, Inactive
56999,1533214156, 2018/8/2 12:49:16, Inactive
57999,1533214157, 2018/8/2 12:49:17, Inactive
58999,1533214158, 2018/8/2 12:49:18, Inactive
59999,1533214159, 2018/8/2 12:49:19, Inactive
60999,1533214160, 2018/8/2 12:49:20, Inactive
61999,1533214161, 2018/8/2 12:49:21, Inactive
62999,1533214162, 2018/8/2 12:49:22, Inactive
64000,1533214163, 2018/8/2 12:49:23, Inactive
64999,1533214164, 2018/8/2 12:49:24, Inactive
66000,1533214165, 2018/8/2 12:49:25, Inactive
66998,1533214166, 2018/8/2 12:49:26, Inactive
67999,1533214167, 2018/8/2 12:49:27, Inactive
68999,1533214168, 2018/8/2 12:49:28, Inactive
69999,1533214169, 2018/8/2 12:49:29, Inactive
70999,1533214170, 2018/8/2 12:49:30, Inactive
71999,1533214171, 2018/8/2 12:49:31, Active
72999,1533214172, 2018/8/2 12:49:32, Active
73999,1533214173, 2018/8/2 12:49:33, Active
74999,1533214174, 2018/8/2 12:49:34, Active
75999,1533214175, 2018/8/2 12:49:35, Active
76999,1533214176, 2018/8/2 12:49:36, Active
78000,1533214177, 2018/8/2 12:49:37, Active
78999,1533214178, 2018/8/2 12:49:38, Active
80000,1533214179, 2018/8/2 12:49:39, Inactive
80999,1533214180, 2018/8/2 12:49:40, Inactive
81999,1533214181, 2018/8/2 12:49:41, Inactive
82999,1533214182, 2018/8/2 12:49:42, Inactive
83999,1533214183, 2018/8/2 12:49:43, Inactive
84999,1533214184, 2018/8/2 12:49:44, Inactive
85999,1533214185, 2018/8/2 12:49:45, Inactive
86999,1533214186, 2018/8/2 12:49:46, Inactive
87999,1533214187, 2018/8/2 12:49:47, Inactive
88999,1533214188, 2018/8/2 12:49:48, Inactive
89999,1533214189, 2018/8/2 12:49:49, Inactive
90999,1533214190, 2018/8/2 12:49:50, Inactive
91999,1533214191, 2018/8/2 12:49:51, Inactive
92999,1533214192, 2018/8/2 12:49:52, Inactive
93999,1533214193, 2018/8/2 12:49:53, Inactive
94999,1533214194, 2018/8/2 12:49:54, Inactive
96000,1533214195, 2018/8/2 12:49:55, Inactive
96999,1533214196, 2018/8/2 12:49:56, Inactive
97999,1533214197, 2018/8/2 12:49:57, Inactive
98999,1533214198, 2018/8/2 12:49:58, Inactive
99999,1533214199, 2018/8/2 12:49:59, Inactive
100999,1533214200, 2018/8/2 12:50:0, Inactive
101999,1533214201, 2018/8/2 12:50:1, Inactive
102999,1533214202, 2018/8/2 12:50:2, Inactive
103998,1533214203, 2018/8/2 12:50:3, Inactive
104999,1533214204, 2018/8/2 12:50:4, Inactive
105999,1533214205, 2018/8/2 12:50:5, Inactive
106999,1533214206, 2018/8/2 12:50:6, Inactive
107998,1533214207, 2018/8/2 12:50:7, Inactive
108999,1533214208, 2018/8/2 12:50:8, Inactive
110000,1533214209, 2018/8/2 12:50:9, Inactive
110999,1533214210, 2018/8/2 12:50:10, Inactive
112000,1533214211, 2018/8/2 12:50:11, Inactive
112999,1533214212, 2018/8/2 12:50:12, Inactive
113999,1533214213, 2018/8/2 12:50:13, Inactive
114999,1533214214, 2018/8/2 12:50:14, Inactive
115999,1533214215, 2018/8/2 12:50:15, Inactive
116999,1533214216, 2018/8/2 12:50:16, Inactive
117999,1533214217, 2018/8/2 12:50:17, Inactive
118999,1533214218, 2018/8/2 12:50:18, Inactive
119999,1533214219, 2018/8/2 12:50:19, Inactive
120999,1533214220, 2018/8/2 12:50:20, Inactive
121999,1533214221, 2018/8/2 12:50:21, Inactive
122999,1533214222, 2018/8/2 12:50:22, Inactive
123999,1533214224, 2018/8/2 12:50:24, Inactive
124999,1533214225, 2018/8/2 12:50:25, Inactive
125999,1533214226, 2018/8/2 12:50:26, Inactive
126999,1533214227, 2018/8/2 12:50:27, Inactive
128000,1533214228, 2018/8/2 12:50:28, Inactive
128999,1533214229, 2018/8/2 12:50:29, Inactive
129999,1533214230, 2018/8/2 12:50:30, Inactive
130999,1533214230, 2018/8/2 12:50:30, Inactive
131999,1533214232, 2018/8/2 12:50:32, Inactive
132999,1533214233, 2018/8/2 12:50:33, Inactive
133999,1533214234, 2018/8/2 12:50:34, Inactive
134999,1533214235, 2018/8/2 12:50:35, Inactive
135999,1533214236, 2018/8/2 12:50:36, Inactive
136999,1533214237, 2018/8/2 12:50:37, Inactive
137999,1533214238, 2018/8/2 12:50:38, Inactive
138999,1533214239, 2018/8/2 12:50:39, Inactive
139999,1533214240, 2018/8/2 12:50:40, Inactive
140999,1533214241, 2018/8/2 12:50:41, Inactive
141999,1533214242, 2018/8/2 12:50:42, Inactive
142999,1533214243, 2018/8/2 12:50:43, Inactive
144000,1533214244, 2018/8/2 12:50:44, Inactive
144999,1533214245, 2018/8/2 12:50:45, Inactive
145999,1533214246, 2018/8/2 12:50:46, Inactive
146999,1533214247, 2018/8/2 12:50:47, Inactive
147999,1533214248, 2018/8/2 12:50:48, Inactive
148999,1533214249, 2018/8/2 12:50:49, Inactive
149999,1533214250, 2018/8/2 12:50:50, Inactive
150999,1533214251, 2018/8/2 12:50:51, Inactive
151998,1533214252, 2018/8/2 12:50:52, Inactive
152999,1533214253, 2018/8/2 12:50:53, Inactive
153999,1533214254, 2018/8/2 12:50:54, Inactive
154999,1533214255, 2018/8/2 12:50:55, Inactive
155999,1533214256, 2018/8/2 12:50:56, Inactive
156999,1533214257, 2018/8/2 12:50:57, Inactive
157999,1533214258, 2018/8/2 12:50:58, Inactive
158999,1533214259, 2018/8/2 12:50:59, Inactive
160000,1533214260, 2018/8/2 12:51:0, Inactive
160999,1533214261, 2018/8/2 12:51:1, Inactive
161999,1533214262, 2018/8/2 12:51:2, Inactive
162999,1533214263, 2018/8/2 12:51:3, Inactive
163999,1533214264, 2018/8/2 12:51:4, Inactive
164999,1533214265, 2018/8/2 12:51:5, Inactive
165999,1533214266, 2018/8/2 12:51:6, Inactive
166999,1533214267, 2018/8/2 12:51:7, Inactive
167999,1533214268, 2018/8/2 12:51:8, Inactive
168999,1533214269, 2018/8/2 12:51:9, Inactive
169999,1533214270, 2018/8/2 12:51:10, Inactive
170999,1533214271, 2018/8/2 12:51:11, Inactive
171999,1533214272, 2018/8/2 12:51:12, Inactive
172999,1533214273, 2018/8/2 12:51:13, Inactive
173999,1533214274, 2018/8/2 12:51:14, Inactive
174999,1533214275, 2018/8/2 12:51:15, Inactive
176000,1533214276, 2018/8/2 12:51:16, Inactive
176999,1533214277, 2018/8/2 12:51:17, Active
177999,1533214278, 2018/8/2 12:51:18, Active
178999,1533214279, 2018/8/2 12:51:19, Active
179999,1533214280, 2018/8/2 12:51:20, Active
180999,1533214281, 2018/8/2 12:51:21, Active
181999,1533214282, 2018/8/2 12:51:22, Active
183000,1533214283, 2018/8/2 12:51:23, Active
183998,1533214284, 2018/8/2 12:51:24, Active
184999,1533214285, 2018/8/2 12:51:25, Active
185999,1533214286, 2018/8/2 12:51:26, Active
186999,1533214287, 2018/8/2 12:51:27, Active
187998,1533214288, 2018/8/2 12:51:28, Active
188999,1533214289, 2018/8/2 12:51:29, Active
189999,1533214290, 2018/8/2 12:51:30, Active
190999,1533214291, 2018/8/2 12:51:31, Active
192001,1533214292, 2018/8/2 12:51:32, Active
192999,1533214293, 2018/8/2 12:51:33, Active
193999,1533214294, 2018/8/2 12:51:34, Active
194999,1533214295, 2018/8/2 12:51:35, Active
195999,1533214296, 2018/8/2 12:51:36, Active
196999,1533214297, 2018/8/2 12:51:37, Active
197999,1533214298, 2018/8/2 12:51:38, Active
198999,1533214299, 2018/8/2 12:51:39, Active
199999,1533214300, 2018/8/2 12:51:40, Active
200999,1533214301, 2018/8/2 12:51:41, Active
201999,1533214302, 2018/8/2 12:51:42, Active
202999,1533214303, 2018/8/2 12:51:43, Active
203999,1533214304, 2018/8/2 12:51:44, Active
204999,1533214305, 2018/8/2 12:51:45, Active
205999,1533214306, 2018/8/2 12:51:46, Active
206999,1533214307, 2018/8/2 12:51:47, Active
208000,1533214308, 2018/8/2 12:51:48, Active
208999,1533214309, 2018/8/2 12:51:49, Active
209999,1533214310, 2018/8/2 12:51:50, Inactive
210999,1533214311, 2018/8/2 12:51:51, Inactive
211999,1533214312, 2018/8/2 12:51:52, Inactive
212999,1533214313, 2018/8/2 12:51:53, Inactive
213999,1533214314, 2018/8/2 12:51:54, Active
214999,1533214315, 2018/8/2 12:51:55, Active
215998,1533214316, 2018/8/2 12:51:56, Active
216999,1533214317, 2018/8/2 12:51:57, Active
217999,1533214318, 2018/8/2 12:51:58, Active
218999,1533214319, 2018/8/2 12:51:59, Active
219999,1533214320, 2018/8/2 12:52:0, Active
220999,1533214321, 2018/8/2 12:52:1, Active
221999,1533214322, 2018/8/2 12:52:2, Active
222999,1533214323, 2018/8/2 12:52:3, Active
224000,1533214324, 2018/8/2 12:52:4, Active
224999,1533214325, 2018/8/2 12:52:5, Active
226000,1533214326, 2018/8/2 12:52:6, Active
226998,1533214327, 2018/8/2 12:52:7, Active
227999,1533214328, 2018/8/2 12:52:8, Active
228999,1533214329, 2018/8/2 12:52:9, Active
229999,1533214330, 2018/8/2 12:52:10, Active
230999,1533214331, 2018/8/2 12:52:11, Active
231999,1533214332, 2018/8/2 12:52:12, Active
